{"cameraMode":{"drawMode":0,"name":"Shaded","section":"Shading Mode"},"sceneLighting":true,"audioPlay":false,"sceneViewState":{"m_AlwaysRefresh":false,"showFog":true,"showSkybox":true,"showFlares":true,"showImageEffects":true,"showParticleSystems":true,"showVisualEffectGraphs":true,"m_FxEnabled":true},"in2DMode":false,"pivot":{"x":-2.1988308429718019,"y":2.9989829063415529,"z":-4.492549896240234},"rotation":{"x":-0.1290833055973053,"y":-0.20460577309131623,"z":0.027230681851506234,"w":-0.9699174165725708},"size":2.7199079990386965,"orthographic":false}